domainName,
save-america-trump-pac.com,
trump-currency.com,
trump-sequel.com,
trump-golf.com,
trump-train.com,
trump-2024.biz,
trump-wall-clock.com,
trumpbloodstock.com.au,
switzerassetmanagement.com.au,
trump-desantis2024.com,
trumpict.site,
trump-now.com,
trumpreviewslive.com,
kenforcouncil17.us,
trumptalklive.online,
trumpreviewsclub.live,
trumpreviews.live,
hoggitsmypillows.com,
trumptalklive.club,
trumptrikes.com.au,
donaldjtrumpnifties.com,
trumpmenu.com,
donaldtrumpnifties.com,
trumporg.live,
kenforcouncil17.info,
everydaydrives.com.au,
trumpstorenft.com,
maganfts.com,
trumpgolfnft.com,
trumpwinerynfts.com,
trumporgnft.com,
trumphotelsnft.com,
the-trump-movie.com,
goplive.today,
djtnfts.com,
gopclubhouse.live,
dnc.live,
dncclubhouse.live,
gop.live,
donaldjtrumpnfts.com,
trump-owens.us,
dnclive.club,
goplive.club,
trump-noem.com,
trump-71.ml,
trump-2024.rocks,
trump-owens.org,
trump-noem2024.com,
trump-voters2024.org,
trump.com.au,
mypillow.reviews,
mypillowreviews.live,
trump-fan.club,
world-trump-fun.com,
trump-desantis2024.us,
thetyregroup.co.za,
saveamericapac.store,
trump-flag2024.com,
saveamericapac.news,
trump-dmps.pl,
saveamericapac.live,
rinosagainsttruump.live,
rinos.live,
saveamericapacreviews.live,
saveamericapac.info,
saveamericapac.fund,
saveamericapac.club,
ellabonna.com.tr,
forteheavyremovals.com.au,
trumpupdates.us,
trump-voters2024.support,
trump-voters2022.support,
trump-voters2022.org,
trump-pompeo2024.com,
trump-encore.com,
trumptrainstation.us,
trump-news.app,
trump-news.website,
trump-news.news,
trump-phone.com,
etobias.com,
miaoborui.xyz,
cpacagainsttrump.org,
trump-country.com,
cpacagainsttrump.live,
xi-jinping.us,
yitian.us,
sbgov.us,
maryelizabethparson.com,
marymckenney.com,
vote-trump-republican-party.com,
maryelizabethmckenney.com,
yt6.us,
vote-trump-republican-party.online,
trump-coin-limited.com,
trump-make-america-great-again.vote,
trump-make-america-great-again.com,
trump-make-america-great-again.party,
trump-golden-coin.com,
michaelvanderveen.live,
arizonacoalitionfortrump.us,
trump-maga.store,
trump-maga.online,
jiangzemin.us,
trump-pluslosers.com,
trump-maga.fund,
americacoolers.us,
trump-maga.news,
trump-maga.chat,
trump-maga2022.com,
trump-maga2022.fund,
azcft.us,
trump-maga2022.support,
trump-plus.us,
trump-store.co,
trump-desantis.com,
trump-maga.org,
trump-1.com,
golden-trump-coin.com,
trump-works.com,
azcft.info,
americansagainstrepublicanpoliticians.live,
savetrump.us,
dux.pp.ua,
trump-steel.com,
trump-revival.com,
trump-tube.us,
donald-trump-team.com,
trumprealty.site,
trump-news-media.com,
trump-greene-2024.com,
trump-game.net,
ltcftlauderdale.org,
arnriglobal.com,
trump-one.com,
trump-dumps.be,
lindseygrahamlive.com,
ltcftlauderdale.us,
lindseygraham.live,
countryfirstlive.com,
bantrumpfrompolitics.com,
countryfirst.live,
country1st.live,
donald-trump-countdown.com,
afrw.us,
trump-did-nothing-wrong.com,
trump-media.org,
trump-media.info,
trump-parler.com,
president-trump-today.com,
trump-party.com,
makeamericajobsagain.com,
makeamericanjobsagain.com,
pwc-ohio-gov.us,
newsmaxreviews.live,
trump-boycott.com,
the-trump-legacy.com,
trump-legacy.org,
trump-family-crimes.org,
trump-boycott.org,
trumpandtrump.online,
trump-fart.com,
sevenspringsbedford.com,
patriotpartylive.us,
trumpconservativenews.org,
trump-deutschland.org,
trump-ers.org,
trump-presidentiallibrary.org,
trump-army.org,
kentrumpforward17.org,
kentrumpward17.org,
kenforward17.org,
kenforcouncil17.org,
kenforcouncil.org,
trump-patriotparty.com,
has-trump-been-arrested.com,
trump-calendar.com,
patriotpartylive.com,
donald-trump-scandal.site,
trump-moron.us,
trump-library.us,
kentrump.us,
trump-online.net,
the-trump-news-network.com,
kentrump.info,
trumpsurvivor.us,
trump-patriot.com,
trump-movement.com,
potus46live.com,
donald-trump-conspiracy.com,
trump-lang.org,
patriotsfortrump2024.net,
here-is-what-trump-said.net,
trumpismisa.live,
trumpism.live,
theafpp.com,
teanna-trump-porn.com,
make2anevergoaway.com,
trump-it.app,
trump-media.net,
trump-spacs.net,
trump-spac.net,
trump-the-traitor.net,
trump-patriot-party.com,
trump-is-hitler-hail-satan-666-vote-obama.com,
patriotsfortrump2024.com,
here-is-what-trump-said.com,
buildbackbettertoday.com,
trump-patriot-party.org,
patriotsfortrump2024.org,
here-is-what-trump-said.org,
patriots4florida.club,
patriotpartyca.com,
patriotpartyofnevada.com,
patriotpartypage.com,
thepatriotpartyofnevada.com,
thepatriotpartyamerica.com,
thepatriotpartypage.com,
americaspatriotparties.com,
americafirstpatriotparty.com,
trump-book.space,
trump-spac.com,
trump-321.com,
trump-flynn.com,
trump-instagram.com,
trump-sara.com,
trump-spacs.com,
trump-u.com,
trump-pac.com,
trump-er.com,
trump-treason.com,
trump-trial.com,
trump-missmeyet.com,
trump-jail.com,
trump-in-2024.com,
trump-power.com,
trump-chronicle.com,
trump-networks.com,
trump-pompeo.com,
trump-usa24.com,
trump-facebook.com,
trump-bucks.com,
trump-it.rocks,
thepatriotpartynv.com,
thepatriotpartyofnv.com,
thepatriotspartyofamerica.com,
buildbackbetterlive.us,
trump-supporters.republican,
buildusbackbetter.today,
buildbackbetterlive.today,
trump-bank.org,
trump-the-traitor.com
